{
  "duration_s": 25.13274122871849,
  "final_wheel_heading_error_rad": -2.924308786693981,
  "final_wheel_position_error_m": 3.9294266070009116,
  "gyro_outlier_duration_s": 0.20000000000000284,
  "imu_dropout_duration_s": 2.0000000000000284,
  "max_abs_gyro_error_rad_s": 0.8421243654651105,
  "max_wheel_position_error_m": 7.206558685055483,
  "sample_count": 253,
  "wheel_heading_rmse_rad": 2.1428726610380004,
  "wheel_position_rmse_m": 4.0637695676034875,
  "wheel_slip_duration_s": 5.999999999999979
}
