{
  "fault_aware_ekf": {
    "duration_s": 25.13274122871849,
    "final_estimated_gyro_bias_rad_s": 0.06396737232486639,
    "final_heading_error_rad": -0.5652880358049779,
    "final_position_error_m": 0.09177590644640865,
    "gyro_rejections": 2,
    "heading_recovery_time_s": null,
    "heading_rmse_rad": 0.32003120084225545,
    "max_covariance_trace": 0.09750000000000003,
    "nominal_false_rejections": 0,
    "position_recovery_time_s": 3.800000000000054,
    "position_rmse_m": 0.4980411476613084,
    "sample_count": 253,
    "transient_fault_measurements": 226,
    "transient_fault_rejection_rate": 0.5398230088495575,
    "transient_fault_rejections": 122,
    "wheel_velocity_rejections": 60,
    "wheel_yaw_rate_rejections": 60
  },
  "integration_step_s": 0.1,
  "raw_wheel_odometry": {
    "duration_s": 25.13274122871849,
    "final_wheel_heading_error_rad": -2.924308786693981,
    "final_wheel_position_error_m": 3.9294266070009116,
    "gyro_outlier_duration_s": 0.20000000000000284,
    "imu_dropout_duration_s": 2.0000000000000284,
    "max_abs_gyro_error_rad_s": 0.8421243654651105,
    "max_wheel_position_error_m": 7.206558685055483,
    "sample_count": 253,
    "wheel_heading_rmse_rad": 2.1428726610380004,
    "wheel_position_rmse_m": 4.0637695676034875,
    "wheel_slip_duration_s": 5.999999999999979
  },
  "scenario": "figure-eight",
  "sensor_profile": "combined-faults",
  "standard_ekf": {
    "duration_s": 25.13274122871849,
    "final_estimated_gyro_bias_rad_s": 0.07894612757064706,
    "final_heading_error_rad": -2.916564047534473,
    "final_position_error_m": 3.561314212302364,
    "gyro_rejections": 0,
    "heading_recovery_time_s": null,
    "heading_rmse_rad": 2.137707737425041,
    "max_covariance_trace": 0.1258211086753131,
    "nominal_false_rejections": 0,
    "position_recovery_time_s": null,
    "position_rmse_m": 3.8996816007201773,
    "sample_count": 253,
    "transient_fault_measurements": 226,
    "transient_fault_rejection_rate": 0.0,
    "transient_fault_rejections": 0,
    "wheel_velocity_rejections": 0,
    "wheel_yaw_rate_rejections": 0
  }
}
